"Qubit","T1 (us)","T2 (us)","판독 지정 오류","Prob meas0 prep1","Prob meas1 prep0","Readout length (ns)","ID 오류","단일 큐비트 게이트 길이 (ns)","RX 오류","Z축 회전(rz) 오류","√x (sx) 오류","Pauli-X 오류","CZ 오류","게이트 길이 (ns)","RZZ 오류","MEASURE 오류","Operational"
"0","343.1034236919593","37.34402963265975","0.004638671875","0.00732421875","0.001953125","2584","0.0003588490696852511","36","0.0003588490696852511","0","0.0003588490696852511","0.0003588490696852511","1:0.002244001866872486","1:68","1:0.0019237598360763997","0.004638671875","Yes"
"1","179.34913544072927","171.69793418927978","0.004150390625","0.00732421875","0.0009765625","2584","0.00029533772490166117","36","0.00029533772490166117","0","0.00029533772490166117","0.00029533772490166117","2:0.0013224043946271358;0:0.002244001866872486","2:68;0:68","2:0.0011506931099398154;0:0.0019237598360763997","0.004150390625","Yes"
"2","174.18195952507332","203.28648835597053","0.00439453125","0.005859375","0.0029296875","2584","0.00014542886511668818","36","0.00014542886511668818","0","0.00014542886511668818","0.00014542886511668818","1:0.0013224043946271358;3:0.0014017250940170645","1:68;3:68","1:0.0011506931099398154;3:0.001282197596647966","0.00439453125","Yes"
"3","268.41844537563816","200.5177814072054","0.009033203125","0.01171875","0.00634765625","2584","0.000192698390074695","36","0.000192698390074695","0","0.000192698390074695","0.000192698390074695","16:0.0026491005210059204;2:0.0014017250940170645;4:0.0018145516908546766","16:68;2:68;4:80","16:0.0022398915359859994;2:0.001282197596647966;4:0.0017967683762375453","0.009033203125","Yes"
"4","167.17365369585755","201.05475146984","0.008056640625","0.015625","0.00048828125","2584","0.00043719975637775734","36","0.00043719975637775734","0","0.00043719975637775734","0.00043719975637775734","3:0.0018145516908546766;5:0.002273149353426346","3:80;5:68","3:0.0017967683762375453;5:0.0017021617564041136","0.008056640625","Yes"
"5","273.88879146080586","260.84756725498625","0.004150390625","0.00537109375","0.0029296875","2584","0.0001464264456319295","36","0.0001464264456319295","0","0.0001464264456319295","0.0001464264456319295","6:0.0015739821767004336;4:0.002273149353426346","6:68;4:68","6:0.0019251787013465915;4:0.0017021617564041136","0.004150390625","Yes"
"6","294.47901205498084","299.54962490664605","0.005126953125","0.00732421875","0.0029296875","2584","0.00032117057845721715","36","0.00032117057845721715","0","0.00032117057845721715","0.00032117057845721715","5:0.0015739821767004336;7:0.0017866621310302644","5:68;7:68","5:0.0019251787013465915;7:0.0021609020504344267","0.005126953125","Yes"
"7","309.1720157926597","139.14447023833532","0.0068359375","0.0126953125","0.0009765625","2584","0.0002536156207528696","36","0.0002536156207528696","0","0.0002536156207528696","0.0002536156207528696","17:0.0024644056293845196;6:0.0017866621310302644;8:0.0026917472476356286","17:68;6:68;8:80","17:0.002656776081955997;6:0.0021609020504344267;8:0.0027709571565640856","0.0068359375","Yes"
"8","240.749453593239","142.80894691775325","0.010986328125","0.0205078125","0.00146484375","2584","0.0001860836126147744","36","0.0001860836126147744","0","0.0001860836126147744","0.0001860836126147744","9:0.0018582739751229205;7:0.0026917472476356286","9:68;7:80","9:0.0015416165330691678;7:0.0027709571565640856","0.010986328125","Yes"
"9","120.00437309773743","127.10521355300777","0.017578125","0.03173828125","0.00341796875","2584","0.00042718027499566636","36","0.00042718027499566636","0","0.00042718027499566636","0.00042718027499566636","8:0.0018582739751229205;10:0.001637085208024719","8:68;10:68","8:0.0015416165330691678;10:0.0012967666963062396","0.017578125","Yes"
"10","258.1498833235368","227.3024856633918","0.0107421875","0.01806640625","0.00341796875","2584","0.00023924721437330865","36","0.00023924721437330865","0","0.00023924721437330865","0.00023924721437330865","9:0.001637085208024719;11:0.001918790374361351","9:68;11:68","9:0.0012967666963062396;11:0.0011030409134879793","0.0107421875","Yes"
"11","344.7409748925775","261.87728677165785","0.01904296875","0.01416015625","0.02392578125","2584","0.00031534619573266606","36","0.00031534619573266606","0","0.00031534619573266606","0.00031534619573266606","18:0.0015918545110312488;10:0.001918790374361351;12:0.0013546492027065038","18:68;10:68;12:68","18:0.0015070869467135595;10:0.0011030409134879793;12:0.00097379802600564","0.01904296875","Yes"
"12","301.2825046244727","139.97644647612785","0.00634765625","0.01171875","0.0009765625","2584","0.00017454666834209974","36","0.00017454666834209974","0","0.00017454666834209974","0.00017454666834209974","13:0.001420807512046457;11:0.0013546492027065038","13:80;11:68","13:0.001395786572543245;11:0.00097379802600564","0.00634765625","Yes"
"13","214.8038951600662","72.85994797075234","0.012451171875","0.01416015625","0.0107421875","2584","0.0003439978337676095","36","0.0003439978337676095","0","0.0003439978337676095","0.0003439978337676095","12:0.001420807512046457;14:0.001292162017259929","12:80;14:80","12:0.001395786572543245;14:0.0012616659380846607","0.012451171875","Yes"
"14","322.7660130332317","145.66114261449871","0.003173828125","0.00537109375","0.0009765625","2584","0.00016878671930840576","36","0.00016878671930840576","0","0.00016878671930840576","0.00016878671930840576","15:0.0016721311883921286;13:0.001292162017259929","15:68;13:80","15:0.0012620355736917;13:0.0012616659380846607","0.003173828125","Yes"
"15","268.56504958116443","38.72008745171031","0.01220703125","0.0234375","0.0009765625","2584","0.00020044706636686751","36","0.00020044706636686751","0","0.00020044706636686751","0.00020044706636686751","14:0.0016721311883921286;19:0.0012920371119955476","14:68;19:68","14:0.0012620355736917;19:0.0016253300214504884","0.01220703125","Yes"
"16","145.12556324700063","133.13450116559073","0.01025390625","0.02001953125","0.00048828125","2584","0.0003919718662868563","36","0.0003919718662868563","0","0.0003919718662868563","0.0003919718662868563","23:0.0023594201315103314;3:0.0026491005210059204","23:68;3:68","23:0.0017856308151076028;3:0.0022398915359859994","0.01025390625","Yes"
"17","270.4553881876939","12.13825814479928","0.004150390625","0.005859375","0.00244140625","2584","0.0005201170501651726","36","0.0005201170501651726","0","0.0005201170501651726","0.0005201170501651726","7:0.0024644056293845196;27:0.0025093033349539717","7:68;27:68","7:0.002656776081955997;27:0.0021089626294056585","0.004150390625","Yes"
"18","95.90597751362485","103.92840855358048","0.014892578125","0.02099609375","0.0087890625","2584","0.00025529612083273945","36","0.00025529612083273945","0","0.00025529612083273945","0.00025529612083273945","11:0.0015918545110312488;31:0.0023366327759195282","11:68;31:68","11:0.0015070869467135595;31:0.002145519880932617","0.014892578125","Yes"
"19","167.60550301117297","60.94681729862726","0.005859375","0.0107421875","0.0009765625","2584","0.0002444211907297231","36","0.0002444211907297231","0","0.0002444211907297231","0.0002444211907297231","35:0.007291347700937978;15:0.0012920371119955476","35:80;15:68","35:0.001534110237809555;15:0.0016253300214504884","0.005859375","Yes"
"20","132.73677484163383","81.73765435463146","0.01171875","0.0224609375","0.0009765625","2584","0.0007257424472675433","36","0.0007257424472675433","0","0.0007257424472675433","0.0007257424472675433","21:0.002254397921921475","21:68","21:0.0025972050638446986","0.01171875","Yes"
"21","269.19163613340095","166.8042507876127","0.005126953125","0.00830078125","0.001953125","2584","0.00017218303983563746","36","0.00017218303983563746","0","0.00017218303983563746","0.00017218303983563746","36:0.001703289105491529;20:0.002254397921921475;22:0.0024609862364220747","36:68;20:68;22:68","36:0.009372229377177299;20:0.0025972050638446986;22:0.0010990825966878948","0.005126953125","Yes"
"22","204.19645710698484","11.950582199581053","0.01171875","0.021484375","0.001953125","2584","0.0002246996148196359","36","0.0002246996148196359","0","0.0002246996148196359","0.0002246996148196359","23:0.0031699996769562755;21:0.0024609862364220747","23:68;21:68","23:0.0020686608951318297;21:0.0010990825966878948","0.01171875","Yes"
"23","294.84866682263487","176.79319015765904","0.059326171875","0.11181640625","0.0068359375","2584","0.00018546259907933758","36","0.00018546259907933758","0","0.00018546259907933758","0.00018546259907933758","22:0.0031699996769562755;24:0.0031616719640898128;16:0.0023594201315103314","22:68;24:68;16:68","22:0.0020686608951318297;24:0.004995429280419128;16:0.0017856308151076028","0.059326171875","Yes"
"24","134.26755964026006","49.69092861557111","0.01708984375","0.033203125","0.0009765625","2584","0.000259142903070592","36","0.000259142903070592","0","0.000259142903070592","0.000259142903070592","23:0.0031616719640898128;25:0.0037236289176207915","23:68;25:68","23:0.004995429280419128;25:0.005247396488173961","0.01708984375","Yes"
"25","154.90120210280463","59.43248651380317","0.00732421875","0.01220703125","0.00244140625","2584","0.00046484684070305577","36","0.00046484684070305577","0","0.00046484684070305577","0.00046484684070305577","24:0.0037236289176207915;26:0.014629822914973944;37:0.006541879020215385","24:68;26:68;37:68","24:0.005247396488173961;26:0.014533560487948904;37:0.0041432095711261","0.00732421875","Yes"
"26","7.184360898437684","5.826908999601971","0.056640625","0.103515625","0.009765625","2584","0.0025515133204457546","36","0.0025515133204457546","0","0.0025515133204457546","0.0025515133204457546","25:0.014629822914973944;27:0.010670339939390594","25:68;27:68","25:0.014533560487948904;27:0.011020876504527627","0.056640625","Yes"
"27","119.74363292315472","145.85955186479615","0.00537109375","0.0087890625","0.001953125","2584","0.0003224192613935277","36","0.0003224192613935277","0","0.0003224192613935277","0.0003224192613935277","26:0.010670339939390594;28:0.0014763821397745513;17:0.0025093033349539717","26:68;28:68;17:68","26:0.011020876504527627;28:0.002155831749368592;17:0.0021089626294056585","0.00537109375","Yes"
"28","223.22912828329333","163.54258054719884","0.01513671875","0.02294921875","0.00732421875","2584","0.00028959438088373607","36","0.00028959438088373607","0","0.00028959438088373607","0.00028959438088373607","27:0.0014763821397745513;29:0.0031739370262985067","27:68;29:68","27:0.002155831749368592;29:0.003591982386204562","0.01513671875","Yes"
"29","76.15271742999751","93.55068826419769","0.021240234375","0.0263671875","0.01611328125","2584","0.00041319422776111127","36","0.00041319422776111127","0","0.00041319422776111127","0.00041319422776111127","38:0.005252225672628785;28:0.0031739370262985067;30:0.001877710052231335","38:68;28:68;30:68","38:0.003975446604894212;28:0.003591982386204562;30:0.003788819461020526","0.021240234375","Yes"
"30","260.7719964348043","61.22274240283851","0.012451171875","0.02001953125","0.0048828125","2584","0.00035655819627705465","36","0.00035655819627705465","0","0.00035655819627705465","0.00035655819627705465","31:0.002395169750720766;29:0.001877710052231335","31:68;29:68","31:0.002224633223862127;29:0.003788819461020526","0.012451171875","Yes"
"31","128.63776493315746","63.11075155720201","0.0263671875","0.02685546875","0.02587890625","2584","0.0002467801564301113","36","0.0002467801564301113","0","0.0002467801564301113","0.0002467801564301113","30:0.002395169750720766;32:0.0027594475167649346;18:0.0023366327759195282","30:68;32:68;18:68","30:0.002224633223862127;32:0.0018316448746593106;18:0.002145519880932617","0.0263671875","Yes"
"32","270.4151772103678","47.31296360550299","0.00830078125","0.01171875","0.0048828125","2584","0.0002733210962942655","36","0.0002733210962942655","0","0.0002733210962942655","0.0002733210962942655","31:0.0027594475167649346;33:0.0023325775075505872","31:68;33:68","31:0.0018316448746593106;33:0.0016537574171174296","0.00830078125","Yes"
"33","123.02382386360347","106.24306215543771","0.010986328125","0.017578125","0.00439453125","2584","0.00019699693543249187","36","0.00019699693543249187","0","0.00019699693543249187","0.00019699693543249187","39:0.0027240683612140826;32:0.0023325775075505872;34:0.0014793265456223559","39:68;32:68;34:68","39:0.0033611747257293323;32:0.0016537574171174296;34:0.0017287785175897075","0.010986328125","Yes"
"34","158.2785681850072","127.43988936213219","0.004150390625","0.0078125","0.00048828125","2584","0.0009026701136740312","36","0.0009026701136740312","0","0.0009026701136740312","0.0009026701136740312","33:0.0014793265456223559;35:0.0031265989634093327","33:68;35:68","33:0.0017287785175897075;35:0.0014845771012487186","0.004150390625","Yes"
"35","265.6111598988074","378.3208421732147","0.010498046875","0.009765625","0.01123046875","2584","0.00018875109632662663","36","0.00018875109632662663","0","0.00018875109632662663","0.00018875109632662663","19:0.007291347700937978;34:0.0031265989634093327","19:80;34:68","19:0.001534110237809555;34:0.0014845771012487186","0.010498046875","Yes"
"36","200.4945733013731","102.42667341998722","0.02001953125","0.03662109375","0.00341796875","2584","0.001417251558980175","36","0.001417251558980175","0","0.001417251558980175","0.001417251558980175","41:0.012540310168586283;21:0.001703289105491529","41:68;21:68","41:0.025707925783469865;21:0.009372229377177299","0.02001953125","Yes"
"37","183.12695794407054","31.12478526049854","0.01318359375","0.02001953125","0.00634765625","2584","0.0011821462725247422","36","0.0011821462725247422","0","0.0011821462725247422","0.0011821462725247422","45:0.0057450898511815784;25:0.006541879020215385","45:68;25:68","45:0.0044086033206848785;25:0.0041432095711261","0.01318359375","Yes"
"38","113.5978768408815","95.61545100641928","0.018310546875","0.03173828125","0.0048828125","2584","0.0012113754968181665","36","0.0012113754968181665","0","0.0012113754968181665","0.0012113754968181665","29:0.005252225672628785;49:0.005428565813773156","29:68;49:68","29:0.003975446604894212;49:0.003344743275080192","0.018310546875","Yes"
"39","129.1366872359317","119.89199879807792","0.02685546875","0.046875","0.0068359375","2584","0.0006253312970298819","36","0.0006253312970298819","0","0.0006253312970298819","0.0006253312970298819","53:0.002453675840208863;33:0.0027240683612140826","53:68;33:68","53:0.0029740075343194505;33:0.0033611747257293323","0.02685546875","Yes"
"40","98.74354843964227","30.718722265661903","0.06298828125","0.048828125","0.0771484375","2584","0.0002668863168123687","36","0.0002668863168123687","0","0.0002668863168123687","0.0002668863168123687","41:0.10981097962378232","41:68","41:0.07943643863483899","0.06298828125","Yes"
"41","212.36743428317305","36.06472595144957","0.021240234375","0.04150390625","0.0009765625","2584","0.00030523389277696447","36","0.00030523389277696447","0","0.00030523389277696447","0.00030523389277696447","40:0.10981097962378232;42:0.015357116629136303;36:0.012540310168586283","40:68;42:68;36:68","40:0.07943643863483899;42:0.002396283964401502;36:0.025707925783469865","0.021240234375","Yes"
"42","303.4345346830068","154.4991338188007","0.0078125","0.01123046875","0.00439453125","2584","0.00022736735860355982","36","0.00022736735860355982","0","0.00022736735860355982","0.00022736735860355982","41:0.015357116629136303;43:0.005876680662218914","41:68;43:68","41:0.002396283964401502;43:0.0033111455668769774","0.0078125","Yes"
"43","198.67373855259157","79.40551140073757","0.0087890625","0.01416015625","0.00341796875","2584","0.00035283074128797495","36","0.00035283074128797495","0","0.00035283074128797495","0.00035283074128797495","42:0.005876680662218914;56:0.0032095068576939723;44:0.002862701162896275","42:68;56:68;44:68","42:0.0033111455668769774;56:0.002933492019515843;44:0.0020117820017385157","0.0087890625","Yes"
"44","154.9647127275992","141.03308387632086","0.0078125","0.013671875","0.001953125","2584","0.00026227534418227656","36","0.00026227534418227656","0","0.00026227534418227656","0.00026227534418227656","45:0.001897816655117901;43:0.002862701162896275","45:68;43:68","45:0.002304135482150055;43:0.0020117820017385157","0.0078125","Yes"
"45","113.61911446322566","120.64290889809575","0.0078125","0.01416015625","0.00146484375","2584","0.000374536523295063","36","0.000374536523295063","0","0.000374536523295063","0.000374536523295063","44:0.001897816655117901;46:0.002025290430869464;37:0.0057450898511815784","44:68;46:68;37:68","44:0.002304135482150055;46:0.0022481252054174228;37:0.0044086033206848785","0.0078125","Yes"
"46","232.42864170185146","92.20763421260966","0.018798828125","0.03369140625","0.00390625","2584","0.00023886034879983228","36","0.00023886034879983228","0","0.00023886034879983228","0.00023886034879983228","45:0.002025290430869464;47:0.0011765633699825917","45:68;47:68","45:0.0022481252054174228;47:0.0017056225381073264","0.018798828125","Yes"
"47","138.3078165663388","68.41204564891022","0.008544921875","0.00830078125","0.0087890625","2584","0.00026098049385930177","36","0.00026098049385930177","0","0.00026098049385930177","0.00026098049385930177","48:0.010575506948151958;57:0.0021826628653885682;46:0.0011765633699825917","48:68;57:68;46:68","48:0.007481374872703478;57:0.0011574036414352118;46:0.0017056225381073264","0.008544921875","Yes"
"48","289.51670303776467","220.64352099376364","0.098876953125","0.1416015625","0.05615234375","2584","0.0024994886163514983","36","0.0024994886163514983","0","0.0024994886163514983","0.0024994886163514983","47:0.010575506948151958;49:0.009596236514552908","47:68;49:68","47:0.007481374872703478;49:0.006522061943988133","0.098876953125","Yes"
"49","280.7606149715785","193.45065827324177","0.009033203125","0.01318359375","0.0048828125","2584","0.0006478804409187131","36","0.0006478804409187131","0","0.0006478804409187131","0.0006478804409187131","48:0.009596236514552908;50:0.0023903311089251145;38:0.005428565813773156","48:68;50:68;38:68","48:0.006522061943988133;50:0.0026564438953187997;38:0.003344743275080192","0.009033203125","Yes"
"50","267.29871238794897","175.91826473451871","0.01806640625","0.03125","0.0048828125","2584","0.0003114967867952404","36","0.0003114967867952404","0","0.0003114967867952404","0.0003114967867952404","49:0.0023903311089251145;51:0.00163372875521553","49:68;51:68","49:0.0026564438953187997;51:0.0032013248135627503","0.01806640625","Yes"
"51","257.4801015719797","329.37456756978463","0.092529296875","0.14013671875","0.044921875","2584","0.00035743934893219247","36","0.00035743934893219247","0","0.00035743934893219247","0.00035743934893219247","50:0.00163372875521553;52:0.004807950326573801;58:0.001270840043172683","50:68;52:68;58:68","50:0.0032013248135627503;52:0.0038939167456119306;58:0.0031476064954329974","0.092529296875","Yes"
"52","130.2979268721444","85.59344976173753","0.00634765625","0.009765625","0.0029296875","2584","0.0005738345569982402","36","0.0005738345569982402","0","0.0005738345569982402","0.0005738345569982402","51:0.004807950326573801;53:0.0041733317593938","51:68;53:68","51:0.0038939167456119306;53:0.0019421501653822115","0.00634765625","Yes"
"53","246.0951853754569","178.09412146893376","0.005859375","0.00927734375","0.00244140625","2584","0.00025852607003250554","36","0.00025852607003250554","0","0.00025852607003250554","0.00025852607003250554","39:0.002453675840208863;52:0.0041733317593938;54:0.0012126546120923287","39:68;52:68;54:68","39:0.0029740075343194505;52:0.0019421501653822115;54:0.0016483674168209228","0.005859375","Yes"
"54","240.30179839454877","326.2968843942512","0.00537109375","0.00830078125","0.00244140625","2584","0.0001694615794585684","36","0.0001694615794585684","0","0.0001694615794585684","0.0001694615794585684","53:0.0012126546120923287;55:0.0028336498858939074","53:68;55:68","53:0.0016483674168209228;55:0.0018461509698022294","0.00537109375","Yes"
"55","202.43784956214034","66.87378712123561","0.0224609375","0.02392578125","0.02099609375","2584","0.00029721304707636614","36","0.00029721304707636614","0","0.00029721304707636614","0.00029721304707636614","59:0.0029983936803019973;54:0.0028336498858939074","59:68;54:68","59:0.0019340627138066113;54:0.0018461509698022294","0.0224609375","Yes"
"56","221.67178585726595","91.22137501070324","0.007080078125","0.01220703125","0.001953125","2584","0.0006617839215393917","36","0.0006617839215393917","0","0.0006617839215393917","0.0006617839215393917","63:0.0026778036636257163;43:0.0032095068576939723","63:68;43:68","63:0.0030786905271917575;43:0.002933492019515843","0.007080078125","Yes"
"57","234.18598358906294","206.95163174318648","0.012939453125","0.02001953125","0.005859375","2584","0.0002531386512580984","36","0.0002531386512580984","0","0.0002531386512580984","0.0002531386512580984","47:0.0021826628653885682;67:0.0021307209100377977","47:68;67:68","47:0.0011574036414352118;67:0.0018873200680706026","0.012939453125","Yes"
"58","231.76607039148772","231.02897955593485","0.028076171875","0.03466796875","0.021484375","2584","0.0002905257227352568","36","0.0002905257227352568","0","0.0002905257227352568","0.0002905257227352568","71:0.002470997432466232;51:0.001270840043172683","71:68;51:68","71:0.0027547207501773807;51:0.0031476064954329974","0.028076171875","Yes"
"59","175.6687815944438","169.87242753607146","0.01318359375","0.025390625","0.0009765625","2584","0.0002807035507028267","36","0.0002807035507028267","0","0.0002807035507028267","0.0002807035507028267","55:0.0029983936803019973;75:0.0017873854707463055","55:68;75:68","55:0.0019340627138066113;75:0.0016241242214116713","0.01318359375","Yes"
"60","100.35798039899844","92.83868765790932","0.0595703125","0.04296875","0.076171875","2584","0.000405189414528514","36","0.000405189414528514","0","0.000405189414528514","0.000405189414528514","61:0.008404787119767831","61:80","61:0.03463197770945717","0.0595703125","Yes"
"61","240.6130005791694","182.26439592881397","0.00830078125","0.01220703125","0.00439453125","2584","0.0002290716316219486","36","0.0002290716316219486","0","0.0002290716316219486","0.0002290716316219486","76:0.002129293622942119;60:0.008404787119767831;62:0.0020287218495758097","76:68;60:80;62:68","76:0.0023153232646717092;60:0.03463197770945717;62:0.0026732088018474875","0.00830078125","Yes"
"62","118.0835714761543","22.07451061989319","0.12353515625","0.228515625","0.0185546875","2584","0.0012210527820051978","36","0.0012210527820051978","0","0.0012210527820051978","0.0012210527820051978","61:0.0020287218495758097;63:0.0025441348168323275","61:68;63:68","61:0.0026732088018474875;63:0.0021286347991559262","0.12353515625","Yes"
"63","201.42308873795625","171.88352494604948","0.02099609375","0.02490234375","0.01708984375","2584","0.000226752832194928","36","0.000226752832194928","0","0.000226752832194928","0.000226752832194928","56:0.0026778036636257163;62:0.0025441348168323275;64:0.002432264713018051","56:68;62:68;64:68","56:0.0030786905271917575;62:0.0021286347991559262;64:0.0020446528485657256","0.02099609375","Yes"
"64","252.54303829861317","136.0705349790398","0.008056640625","0.01416015625","0.001953125","2584","0.0005215623952277449","36","0.0005215623952277449","0","0.0005215623952277449","0.0005215623952277449","65:0.0018791237320940068;63:0.002432264713018051","65:68;63:68","65:0.0016369437332137693;63:0.0020446528485657256","0.008056640625","Yes"
"65","168.01450248462567","73.4887759772818","0.020751953125","0.033203125","0.00830078125","2584","0.0002531886128137305","36","0.0002531886128137305","0","0.0002531886128137305","0.0002531886128137305","64:0.0018791237320940068;66:0.002320181700763979;77:0.0026168014749618496","64:68;66:68;77:68","64:0.0016369437332137693;66:0.001915978449669259;77:0.0017504122237904929","0.020751953125","Yes"
"66","140.26319311610348","90.59291045590378","0.00927734375","0.0185546875","0","2584","0.00032376339353314826","36","0.00032376339353314826","0","0.00032376339353314826","0.00032376339353314826","65:0.002320181700763979;67:0.0018251202230251673","65:68;67:68","65:0.001915978449669259;67:0.0015827686112964146","0.00927734375","Yes"
"67","195.87102484855046","61.14886981485684","0.2236328125","0.12548828125","0.32177734375","2584","0.0002198589214570228","36","0.0002198589214570228","0","0.0002198589214570228","0.0002198589214570228","68:0.00227223754300776;57:0.0021307209100377977;66:0.0018251202230251673","68:68;57:68;66:68","68:0.0043867753271377985;57:0.0018873200680706026;66:0.0015827686112964146","0.2236328125","Yes"
"68","125.67551019611325","30.62889775914966","0.01025390625","0.01953125","0.0009765625","2584","0.0005831558236402135","36","0.0005831558236402135","0","0.0005831558236402135","0.0005831558236402135","67:0.00227223754300776;69:0.00307536174945372","67:68;69:68","67:0.0043867753271377985;69:0.0032469718214552246","0.01025390625","Yes"
"69","90.15217924061804","14.055457618672294","0.02734375","0.03662109375","0.01806640625","2584","0.000210775069396262","36","0.000210775069396262","0","0.000210775069396262","0.000210775069396262","78:0.0022426716545645986;68:0.00307536174945372;70:0.0027882432873017338","78:68;68:68;70:80","78:0.0032823023412225927;68:0.0032469718214552246;70:0.0026581427447491812","0.02734375","Yes"
"70","165.74396122233424","22.835332404343735","0.011474609375","0.02001953125","0.0029296875","2584","0.00017612199553627446","36","0.00017612199553627446","0","0.00017612199553627446","0.00017612199553627446","69:0.0027882432873017338;71:0.002436773353776872","69:80;71:68","69:0.0026581427447491812;71:0.0020439109691823","0.011474609375","Yes"
"71","153.43832996157258","166.60787297747706","0.0048828125","0.00927734375","0.00048828125","2584","0.00041579371382391065","36","0.00041579371382391065","0","0.00041579371382391065","0.00041579371382391065","72:0.005241377090890592;58:0.002470997432466232;70:0.002436773353776872","72:68;58:68;70:68","72:0.0026787097353720146;58:0.0027547207501773807;70:0.0020439109691823","0.0048828125","Yes"
"72","142.88137891438421","41.16948085917881","0.13720703125","0.271484375","0.0029296875","2584","0.0008583607951504321","36","0.0008583607951504321","0","0.0008583607951504321","0.0008583607951504321","73:0.005672072129586425;71:0.005241377090890592","73:68;71:68","73:0.0036537616473970858;71:0.0026787097353720146","0.13720703125","Yes"
"73","106.0466299739739","80.04344792120142","0.013671875","0.025390625","0.001953125","2584","0.0005198628059826754","36","0.0005198628059826754","0","0.0005198628059826754","0.0005198628059826754","72:0.005672072129586425;74:0.003686365892779958;79:0.0032887632378625353","72:68;74:68;79:68","72:0.0036537616473970858;74:0.0025338792973750857;79:0.002067620137736731","0.013671875","Yes"
"74","131.30260695211368","12.666821930904796","0.011962890625","0.02099609375","0.0029296875","2584","0.0003406321518530106","36","0.0003406321518530106","0","0.0003406321518530106","0.0003406321518530106","73:0.003686365892779958;75:0.003510654909517047","73:68;75:68","73:0.0025338792973750857;75:0.0024653019286087763","0.011962890625","Yes"
"75","414.4232047149504","106.37963993443144","0.011962890625","0.01171875","0.01220703125","2584","0.0002206938875353034","36","0.0002206938875353034","0","0.0002206938875353034","0.0002206938875353034","59:0.0017873854707463055;74:0.003510654909517047","59:68;74:68","59:0.0016241242214116713;74:0.0024653019286087763","0.011962890625","Yes"
"76","126.47895881826038","37.98426678884176","0.0234375","0.02197265625","0.02490234375","2584","0.0003094323230061265","36","0.0003094323230061265","0","0.0003094323230061265","0.0003094323230061265","81:0.004317554638279791;61:0.002129293622942119","81:68;61:68","81:0.006858777907991637;61:0.0023153232646717092","0.0234375","Yes"
"77","89.91245146138769","121.72249491093794","0.006591796875","0.01220703125","0.0009765625","2584","0.0004078637364276906","36","0.0004078637364276906","0","0.0004078637364276906","0.0004078637364276906","85:0.0032562260252952113;65:0.0026168014749618496","85:68;65:68","85:0.0022998846438070653;65:0.0017504122237904929","0.006591796875","Yes"
"78","157.60988763554462","173.92992117983493","0.008056640625","0.013671875","0.00244140625","2584","0.000319741501958867","36","0.000319741501958867","0","0.000319741501958867","0.000319741501958867","69:0.0022426716545645986;89:0.0018136451689813593","69:68;89:68","69:0.0032823023412225927;89:0.002692993383877157","0.008056640625","Yes"
"79","74.33905618908713","35.33504165862312","0.08154296875","0.0849609375","0.078125","2584","0.0006842569209894472","36","0.0006842569209894472","0","0.0006842569209894472","0.0006842569209894472","93:0.0029813684701155974;73:0.0032887632378625353","93:68;73:68","93:0.002263341757072296;73:0.002067620137736731","0.08154296875","Yes"
"80","196.5337874788574","43.86209096131806","0.005615234375","0.009765625","0.00146484375","2584","0.00031034099735642866","36","0.00031034099735642866","0","0.00031034099735642866","0.00031034099735642866","81:0.00651978299806108","81:68","81:0.012097950109070998","0.005615234375","Yes"
"81","227.0184009498739","239.78177159404316","0.05322265625","0.09912109375","0.00732421875","2584","0.0006566875739793318","36","0.0006566875739793318","0","0.0006566875739793318","0.0006566875739793318","80:0.00651978299806108;82:0.10341840320139813;76:0.004317554638279791","80:68;82:68;76:68","80:0.012097950109070998;82:0.09144847675644305;76:0.006858777907991637","0.05322265625","Yes"
"82","5.707937675185867","6.440762177221647","0.2587890625","0.44189453125","0.07568359375","2584","","36","","0","","","81:0.10341840320139813","81:68;83:68","81:0.09144847675644305","0.2587890625","Yes"
"83","193.91131389712842","189.8836369490598","0.1025390625","0.09716796875","0.10791015625","2584","0.000306792674114951","36","0.000306792674114951","0","0.000306792674114951","0.000306792674114951","96:0.007474342288194491;84:0.0022697978985075085","96:68;82:68;84:68","96:0.005390756987139811;84:0.003265030291327936","0.1025390625","Yes"
"84","275.2549222591569","265.5957970499459","0.018798828125","0.03662109375","0.0009765625","2584","0.00037892695370526084","36","0.00037892695370526084","0","0.00037892695370526084","0.00037892695370526084","83:0.0022697978985075085;85:0.0034779287304442796","83:68;85:68","83:0.003265030291327936;85:0.0026323739739519125","0.018798828125","Yes"
"85","103.66939996303248","68.09208103553776","0.007080078125","0.0126953125","0.00146484375","2584","0.0002322418404534431","36","0.0002322418404534431","0","0.0002322418404534431","0.0002322418404534431","77:0.0032562260252952113;86:0.0038976780397146082;84:0.0034779287304442796","77:68;86:68;84:68","77:0.0022998846438070653;86:0.009116361902521186;84:0.0026323739739519125","0.007080078125","Yes"
"86","128.18843499325536","22.58538555203947","0.010498046875","0.0205078125","0.00048828125","2584","0.0004238166903331019","36","0.0004238166903331019","0","0.0004238166903331019","0.0004238166903331019","85:0.0038976780397146082;87:0.006863347397287084","85:68;87:68","85:0.009116361902521186;87:0.011931141336330747","0.010498046875","Yes"
"87","142.45028837120836","105.15240005240567","0.01025390625","0.01611328125","0.00439453125","2584","0.00032687251981503213","36","0.00032687251981503213","0","0.00032687251981503213","0.00032687251981503213","86:0.006863347397287084;88:0.0021961141325815003;97:0.0023887421204340786","86:68;88:68;97:68","86:0.011931141336330747;88:0.0023975497314824845;97:0.0019065330633005473","0.01025390625","Yes"
"88","244.4525070923789","168.8923449024218","0.01416015625","0.0166015625","0.01171875","2584","0.0003148093178097179","36","0.0003148093178097179","0","0.0003148093178097179","0.0003148093178097179","87:0.0021961141325815003;89:0.0011674019193614604","87:68;89:68","87:0.0023975497314824845;89:0.0011337225324969114","0.01416015625","Yes"
"89","224.6545328530336","236.49942122250408","0.01220703125","0.01953125","0.0048828125","2584","0.00015907590579437254","36","0.00015907590579437254","0","0.00015907590579437254","0.00015907590579437254","90:0.004762108297269724;88:0.0011674019193614604;78:0.0018136451689813593","90:68;88:68;78:68","90:0.0024908641086112404;88:0.0011337225324969114;78:0.002692993383877157","0.01220703125","Yes"
"90","53.2917183420631","38.39544903885531","0.08154296875","0.0625","0.1005859375","2584","0.0013424785659681365","36","0.0013424785659681365","0","0.0013424785659681365","0.0013424785659681365","89:0.004762108297269724;91:0.0053629303961005015","89:68;91:80","89:0.0024908641086112404;91:0.0031024402138774554","0.08154296875","Yes"
"91","167.4870991085517","260.96897455905827","0.0068359375","0.01220703125","0.00146484375","2584","0.0005046484907691262","36","0.0005046484907691262","0","0.0005046484907691262","0.0005046484907691262","98:0.0015776328278636342;90:0.0053629303961005015;92:0.0018927198516157373","98:68;90:80;92:68","98:0.0020020231780079056;90:0.0031024402138774554;92:0.0018932061032661818","0.0068359375","Yes"
"92","210.9654117146335","180.07978149262559","0.0048828125","0.00830078125","0.00146484375","2584","0.0006046927039539229","36","0.0006046927039539229","0","0.0006046927039539229","0.0006046927039539229","91:0.0018927198516157373;93:0.0027025484076352857","91:68;93:68","91:0.0018932061032661818;93:0.0017786441054471192","0.0048828125","Yes"
"93","290.92573871969427","222.39232173727487","0.006591796875","0.0087890625","0.00439453125","2584","0.00016912338489428807","36","0.00016912338489428807","0","0.00016912338489428807","0.00016912338489428807","94:0.0020706080085804712;79:0.0029813684701155974;92:0.0027025484076352857","94:68;79:68;92:68","94:0.0015142767471626462;79:0.002263341757072296;92:0.0017786441054471192","0.006591796875","Yes"
"94","211.69275190787013","229.93004824997007","0.004150390625","0.00830078125","0","2584","0.00007840925735962599","36","0.00007840925735962599","0","0.00007840925735962599","0.00007840925735962599","93:0.0020706080085804712;95:0.001916469701808976","93:68;95:68","93:0.0015142767471626462;95:0.001321896880841722","0.004150390625","Yes"
"95","292.5970247463158","320.1099157821569","0.013916015625","0.0166015625","0.01123046875","2584","0.0005089526685134945","36","0.0005089526685134945","0","0.0005089526685134945","0.0005089526685134945","99:0.0023621874092999984;94:0.001916469701808976","99:68;94:68","99:0.0017456647338934539;94:0.001321896880841722","0.013916015625","Yes"
"96","153.83264922172276","36.19554759034605","0.0322265625","0.04541015625","0.01904296875","2584","0.0006348481214485508","36","0.0006348481214485508","0","0.0006348481214485508","0.0006348481214485508","83:0.007474342288194491;103:0.003983274901630807","83:68;103:68","83:0.005390756987139811;103:0.003539397875498701","0.0322265625","Yes"
"97","153.24441442390176","51.6749926326019","0.01220703125","0.02099609375","0.00341796875","2584","0.00031374702614924923","36","0.00031374702614924923","0","0.00031374702614924923","0.00031374702614924923","87:0.0023887421204340786;107:0.00212702538827253","87:68;107:68","87:0.0019065330633005473;107:0.0015908705220051556","0.01220703125","Yes"
"98","308.7191956556203","39.715504198163536","0.006103515625","0.00927734375","0.0029296875","2584","0.00017152545276079246","36","0.00017152545276079246","0","0.00017152545276079246","0.00017152545276079246","91:0.0015776328278636342;111:0.0017697598967293393","91:68;111:68","91:0.0020020231780079056;111:0.001976324255970663","0.006103515625","Yes"
"99","138.61955867212342","40.32856431592954","0.007080078125","0.01123046875","0.0029296875","2584","0.00023333645924822647","36","0.00023333645924822647","0","0.00023333645924822647","0.00023333645924822647","115:0.0028166569205087533;95:0.0023621874092999984","115:68;95:68","115:0.0017722955674476515;95:0.0017456647338934539","0.007080078125","Yes"
"100","121.88628660012147","94.82184392801278","0.005126953125","0.01025390625","0","2584","0.0011610384442555732","36","0.0011610384442555732","0","0.0011610384442555732","0.0011610384442555732","101:0.005564656535390733","101:68","101:0.0016828002723695001","0.005126953125","Yes"
"101","158.18941036096973","61.39802291723106","0.0078125","0.01416015625","0.00146484375","2584","0.0003637382508776553","36","0.0003637382508776553","0","0.0003637382508776553","0.0003637382508776553","100:0.005564656535390733;116:0.002849996131771282;102:0.002239026670058375","100:68;116:68;102:68","100:0.0016828002723695001;116:0.004225781204429679;102:0.004676600139357584","0.0078125","Yes"
"102","103.38084739288264","51.69909461972859","0.009033203125","0.01806640625","0","2584","0.0004867196310270873","36","0.0004867196310270873","0","0.0004867196310270873","0.0004867196310270873","101:0.002239026670058375;103:0.004211458186898914","101:68;103:68","101:0.004676600139357584;103:0.004954051813433891","0.009033203125","Yes"
"103","115.88430708637415","73.00800214794847","0.011474609375","0.0224609375","0.00048828125","2584","0.0004150420894450718","36","0.0004150420894450718","0","0.0004150420894450718","0.0004150420894450718","104:0.005629729000447947;96:0.003983274901630807;102:0.004211458186898914","104:68;96:68;102:68","104:0.004957638522998076;96:0.003539397875498701;102:0.004954051813433891","0.011474609375","Yes"
"104","218.67008088063602","159.7605559271247","0.00830078125","0.01123046875","0.00537109375","2584","0.00019001391923540188","36","0.00019001391923540188","0","0.00019001391923540188","0.00019001391923540188","103:0.005629729000447947;105:0.0010753922233483482","103:68;105:68","103:0.004957638522998076;105:0.00156968737604532","0.00830078125","Yes"
"105","147.96882929388167","121.47753951336762","0.011474609375","0.013671875","0.00927734375","2584","0.0002218077528380551","36","0.0002218077528380551","0","0.0002218077528380551","0.0002218077528380551","104:0.0010753922233483482;106:0.0011796993091794106;117:0.0065698119113863085","104:68;106:68;117:68","104:0.00156968737604532;106:0.0025649968895489206;117:0.003958990625461428","0.011474609375","Yes"
"106","340.2420935836111","209.26454274751276","0.015380859375","0.0185546875","0.01220703125","2584","0.00019599792697916644","36","0.00019599792697916644","0","0.00019599792697916644","0.00019599792697916644","107:0.0019250975981631724;105:0.0011796993091794106","107:68;105:68","107:0.003898584260148552;105:0.0025649968895489206","0.015380859375","Yes"
"107","323.3480312769214","275.8082704670589","0.00732421875","0.01220703125","0.00244140625","2584","0.00027134149489578736","36","0.00027134149489578736","0","0.00027134149489578736","0.00027134149489578736","106:0.0019250975981631724;108:0.002594110873463118;97:0.00212702538827253","106:68;108:68;97:68","106:0.003898584260148552;108:0.0028413646203923892;97:0.0015908705220051556","0.00732421875","Yes"
"108","37.95479729714724","49.60286671601895","0.012451171875","0.02197265625","0.0029296875","2584","0.0005968858934886189","36","0.0005968858934886189","0","0.0005968858934886189","0.0005968858934886189","107:0.002594110873463118;109:0.0016994582602145314","107:68;109:68","107:0.0028413646203923892;109:0.002472220394928115","0.012451171875","Yes"
"109","181.16664121165613","91.14517319799046","0.017822265625","0.03173828125","0.00390625","2584","0.00023305076313735908","36","0.00023305076313735908","0","0.00023305076313735908","0.00023305076313735908","108:0.0016994582602145314;110:0.0016904378006392384;118:0.0037536950790182655","108:68;110:68;118:68","108:0.002472220394928115;110:0.0019416697837795482;118:0.004331588832773237","0.017822265625","Yes"
"110","272.43828341859717","284.4981368552827","0.008544921875","0.00732421875","0.009765625","2584","0.00030275600903417694","36","0.00030275600903417694","0","0.00030275600903417694","0.00030275600903417694","109:0.0016904378006392384;111:0.0020858748715932574","109:68;111:68","109:0.0019416697837795482;111:0.0011671340708490074","0.008544921875","Yes"
"111","159.97878044244962","35.90399500637988","0.009033203125","0.01220703125","0.005859375","2584","0.00022737198789450904","36","0.00022737198789450904","0","0.00022737198789450904","0.00022737198789450904","112:0.001794694083521453;110:0.0020858748715932574;98:0.0017697598967293393","112:68;110:68;98:68","112:0.0016623693568785791;110:0.0011671340708490074;98:0.001976324255970663","0.009033203125","Yes"
"112","292.26849333028986","178.62099029188792","0.0078125","0.009765625","0.005859375","2584","0.0003555117197682855","36","0.0003555117197682855","0","0.0003555117197682855","0.0003555117197682855","111:0.001794694083521453","111:68;113:68","111:0.0016623693568785791;113:0.003884297461257874","0.0078125","Yes"
"113","174.17396248884862","121.1111020107495","0.393798828125","0.4677734375","0.31982421875","2584","","36","","0","","","","119:68;112:68;114:68","112:0.003884297461257874;114:0.006235999635771122","0.393798828125","Yes"
"114","240.39460549403935","192.11816225899634","0.002197265625","0.00244140625","0.001953125","2584","0.00030740807849392724","36","0.00030740807849392724","0","0.00030740807849392724","0.00030740807849392724","115:0.006221473044210557","115:68;113:68","115:0.0017361666826815891;113:0.006235999635771122","0.002197265625","Yes"
"115","219.29388876448525","84.014383575775","0.0068359375","0.0078125","0.005859375","2584","0.00013674790810032353","36","0.00013674790810032353","0","0.00013674790810032353","0.00013674790810032353","99:0.0028166569205087533;114:0.006221473044210557","99:68;114:68","99:0.0017722955674476515;114:0.0017361666826815891","0.0068359375","Yes"
"116","86.43267918990156","10.986328085380071","0.011474609375","0.017578125","0.00537109375","2584","0.0008936977588788364","36","0.0008936977588788364","0","0.0008936977588788364","0.0008936977588788364","101:0.002849996131771282;121:0.003197730374562807","101:68;121:68","101:0.004225781204429679;121:0.002460569735526469","0.011474609375","Yes"
"117","122.29199011977532","8.353702806858415","0.068603515625","0.04833984375","0.0888671875","2584","0.0010365762261067607","36","0.0010365762261067607","0","0.0010365762261067607","0.0010365762261067607","105:0.0065698119113863085;125:0.005582619064743","105:68;125:68","105:0.003958990625461428;125:0.003286102613552916","0.068603515625","Yes"
"118","120.46324567402282","62.165073213651596","0.01123046875","0.017578125","0.0048828125","2584","0.00027957861408488965","36","0.00027957861408488965","0","0.00027957861408488965","0.00027957861408488965","109:0.0037536950790182655;129:0.0017421001746446008","109:68;129:68","109:0.004331588832773237;129:0.011359555901009732","0.01123046875","Yes"
"119","219.27191136271216","75.6274732378708","0.2021484375","0.39453125","0.009765625","2584","","36","","0","","","","113:68;133:68","","0.2021484375","Yes"
"120","173.88547255503312","77.40362307266864","0.0185546875","0.0341796875","0.0029296875","2584","0.00024341178449706908","36","0.00024341178449706908","0","0.00024341178449706908","0.00024341178449706908","121:0.0017720686023500187","121:68","121:0.001874715296723839","0.0185546875","Yes"
"121","269.68281754218935","258.6206106325025","0.041015625","0.0693359375","0.0126953125","2584","0.000294545484631845","36","0.000294545484631845","0","0.000294545484631845","0.000294545484631845","120:0.0017720686023500187;122:0.0030242198658155806;116:0.003197730374562807","120:68;122:80;116:68","120:0.001874715296723839;122:0.0024336696639636335;116:0.002460569735526469","0.041015625","Yes"
"122","155.34206924529502","24.10050816973091","0.036376953125","0.02880859375","0.0439453125","2584","0.00029706608135750506","36","0.00029706608135750506","0","0.00029706608135750506","0.00029706608135750506","121:0.0030242198658155806;123:0.0019128870956789668","121:80;123:68","121:0.0024336696639636335;123:0.003605154921353715","0.036376953125","Yes"
"123","231.5977444614845","100.32203607352876","0.024658203125","0.046875","0.00244140625","2584","0.0007604373758709549","36","0.0007604373758709549","0","0.0007604373758709549","0.0007604373758709549","136:0.0031170283161563728;124:0.0020319304503027547;122:0.0019128870956789668","136:68;124:68;122:68","136:0.003118454374968993;124:0.002215892664029967;122:0.003605154921353715","0.024658203125","Yes"
"124","145.04365765715832","11.221713669308519","0.04296875","0.05859375","0.02734375","2584","0.00036171960471598387","36","0.00036171960471598387","0","0.00036171960471598387","0.00036171960471598387","123:0.0020319304503027547;125:0.0027669707809779565","123:68;125:68","123:0.002215892664029967;125:0.0025832125344541212","0.04296875","Yes"
"125","114.78577649046427","40.95712328623031","0.04541015625","0.0869140625","0.00390625","2584","0.0003622847886603735","36","0.0003622847886603735","0","0.0003622847886603735","0.0003622847886603735","117:0.005582619064743;124:0.0027669707809779565;126:0.0031745759410603536","117:68;124:68;126:68","117:0.003286102613552916;124:0.0025832125344541212;126:0.0025273958722503154","0.04541015625","Yes"
"126","129.56675766128558","42.975719193920995","0.009521484375","0.015625","0.00341796875","2584","0.0005051952574230284","36","0.0005051952574230284","0","0.0005051952574230284","0.0005051952574230284","127:0.002571218059776892;125:0.0031745759410603536","127:68;125:68","127:0.0025207110677955002;125:0.0025273958722503154","0.009521484375","Yes"
"127","123.49917234660904","17.87196039977848","0.029296875","0.03759765625","0.02099609375","2584","0.00030093142924416457","36","0.00030093142924416457","0","0.00030093142924416457","0.00030093142924416457","126:0.002571218059776892;128:0.0019578190514221994;137:0.002755965075603495","126:68;128:68;137:68","126:0.0025207110677955002;128:0.002058670921944644;137:0.0014507511843198373","0.029296875","Yes"
"128","116.29611321860494","150.83386056644426","0.006591796875","0.009765625","0.00341796875","2584","0.0003562117348894547","36","0.0003562117348894547","0","0.0003562117348894547","0.0003562117348894547","127:0.0019578190514221994;129:0.002590569326903186","127:68;129:68","127:0.002058670921944644;129:0.0026966794752901757","0.006591796875","Yes"
"129","136.00056732524865","121.22862579786108","0.00830078125","0.0126953125","0.00390625","2584","0.00026818362588725507","36","0.00026818362588725507","0","0.00026818362588725507","0.00026818362588725507","128:0.002590569326903186;118:0.0017421001746446008","130:68;128:68;118:68","130:0.004589589550173134;128:0.0026966794752901757;118:0.011359555901009732","0.00830078125","Yes"
"130","322.9729925580698","16.288825214895343","0.50830078125","0.53515625","0.4814453125","2584","","36","","0","","","","129:68;131:68","129:0.004589589550173134;131:0.004487296630354853","0.50830078125","Yes"
"131","349.56995094781934","199.73494565761428","0.00732421875","0.009765625","0.0048828125","2584","0.0001517712044883623","36","0.0001517712044883623","0","0.0001517712044883623","0.0001517712044883623","138:0.0022098549796152056;132:0.0021683784386023197","138:68;130:68;132:68","138:0.0015525248576180595;130:0.004487296630354853;132:0.0019209856215634535","0.00732421875","Yes"
"132","342.4869069472612","82.94059294933098","0.015380859375","0.0283203125","0.00244140625","2584","0.0002001567165017882","36","0.0002001567165017882","0","0.0002001567165017882","0.0002001567165017882","133:0.002914058495098154;131:0.0021683784386023197","133:68;131:68","133:0.0014480478932533403;131:0.0019209856215634535","0.015380859375","Yes"
"133","187.3483449952675","186.16000365243542","0.036376953125","0.06982421875","0.0029296875","2584","0.0002796956978177083","36","0.0002796956978177083","0","0.0002796956978177083","0.0002796956978177083","132:0.002914058495098154;134:0.017097266905389485","132:68;134:80;119:68","132:0.0014480478932533403;134:0.0031231053844519574","0.036376953125","Yes"
"134","344.9343365051381","140.13602363606253","0.006591796875","0.00830078125","0.0048828125","2584","0.0004800070993730311","36","0.0004800070993730311","0","0.0004800070993730311","0.0004800070993730311","133:0.017097266905389485;135:0.015172049202772847","133:80;135:68","133:0.0031231053844519574;135:0.003923168222493889","0.006591796875","Yes"
"135","441.57847388591546","91.73259142432097","0.06103515625","0.04248046875","0.07958984375","2584","0.00016057684800686175","36","0.00016057684800686175","0","0.00016057684800686175","0.00016057684800686175","134:0.015172049202772847;139:0.001618613821655096","134:68;139:68","134:0.003923168222493889;139:0.0015847753984828405","0.06103515625","Yes"
"136","210.59638629988402","158.49671236667055","0.008544921875","0.01416015625","0.0029296875","2584","0.00030260439839820374","36","0.00030260439839820374","0","0.00030260439839820374","0.00030260439839820374","123:0.0031170283161563728;143:0.002628668509107951","123:68;143:68","123:0.003118454374968993;143:0.0023870960497382465","0.008544921875","Yes"
"137","174.83651531076634","157.78924327575118","0.010009765625","0.0185546875","0.00146484375","2584","0.000426692968094848","36","0.000426692968094848","0","0.000426692968094848","0.000426692968094848","147:0.0029505688514601114;127:0.002755965075603495","147:68;127:68","147:0.0017204573091769704;127:0.0014507511843198373","0.010009765625","Yes"
"138","246.52838191198015","141.34093245373563","0.008056640625","0.0087890625","0.00732421875","2584","0.00033357017016046346","36","0.00033357017016046346","0","0.00033357017016046346","0.00033357017016046346","151:0.003076874447487138;131:0.0022098549796152056","151:68;131:68","151:0.0034608099055455643;131:0.0015525248576180595","0.008056640625","Yes"
"139","112.10549571836482","95.16397046409918","0.0048828125","0.0087890625","0.0009765625","2584","0.00036387888485796906","36","0.00036387888485796906","0","0.00036387888485796906","0.00036387888485796906","155:0.00197807553997148;135:0.001618613821655096","155:80;135:68","155:0.0024048592094748633;135:0.0015847753984828405","0.0048828125","Yes"
"140","238.14870600749126","37.29789588478354","0.01171875","0.02001953125","0.00341796875","2584","0.0004658550133878411","36","0.0004658550133878411","0","0.0004658550133878411","0.0004658550133878411","141:0.003077452303465872","141:68","141:0.0027422798722482877","0.01171875","Yes"
"141","398.348836956979","274.54221202464237","0.01025390625","0.0087890625","0.01171875","2584","0.0006827963747882739","36","0.0006827963747882739","0","0.0006827963747882739","0.0006827963747882739","140:0.003077452303465872;142:0.001464839237408616","140:68;142:68","140:0.0027422798722482877;142:0.0012981805315926687","0.01025390625","Yes"
"142","197.03369429998583","203.33768137573023","0.021240234375","0.01904296875","0.0234375","2584","0.00037567245365672554","36","0.00037567245365672554","0","0.00037567245365672554","0.00037567245365672554","143:0.034625508831554574;141:0.001464839237408616","143:68;141:68","143:0.00594291856919002;141:0.0012981805315926687","0.021240234375","Yes"
"143","163.8280056913191","57.14809489242021","0.016357421875","0.0302734375","0.00244140625","2584","0.00046439152448713697","36","0.00046439152448713697","0","0.00046439152448713697","0.00046439152448713697","142:0.034625508831554574;144:0.011498030653170371;136:0.002628668509107951","142:68;144:68;136:68","142:0.00594291856919002;144:0.003340318927753355;136:0.0023870960497382465","0.016357421875","Yes"
"144","119.33059703878719","50.95155994930722","0.010009765625","0.01953125","0.00048828125","2584","0.0008398958785925811","36","0.0008398958785925811","0","0.0008398958785925811","0.0008398958785925811","145:0.0033178051833564204;143:0.011498030653170371","145:68;143:68","145:0.004797189380390671;143:0.003340318927753355","0.010009765625","Yes"
"145","189.45349744515937","152.99167154303774","0.102294921875","0.1865234375","0.01806640625","2584","0.00034503435541565825","36","0.00034503435541565825","0","0.00034503435541565825","0.00034503435541565825","144:0.0033178051833564204;146:0.001673512950082362","144:68;146:68","144:0.004797189380390671;146:0.002685094451468917","0.102294921875","Yes"
"146","99.48775012606363","57.875650160450384","0.007080078125","0.013671875","0.00048828125","2584","0.00028910138671009775","36","0.00028910138671009775","0","0.00028910138671009775","0.00028910138671009775","145:0.001673512950082362;147:0.0018330912176014735","145:68;147:68","145:0.002685094451468917;147:0.002249997270843518","0.007080078125","Yes"
"147","435.35852033320845","179.9890502288493","0.0048828125","0.0068359375","0.0029296875","2584","0.00013904260434200664","36","0.00013904260434200664","0","0.00013904260434200664","0.00013904260434200664","148:0.002435169949486199;137:0.0029505688514601114;146:0.0018330912176014735","148:68;137:68;146:68","148:0.0022100232071064763;137:0.0017204573091769704;146:0.002249997270843518","0.0048828125","Yes"
"148","264.2281857198651","104.12941152953458","0.003662109375","0.005859375","0.00146484375","2584","0.0003439471097805406","36","0.0003439471097805406","0","0.0003439471097805406","0.0003439471097805406","147:0.002435169949486199;149:0.0015633963439731224","147:68;149:68","147:0.0022100232071064763;149:0.0014731263324953559","0.003662109375","Yes"
"149","68.76075108558432","47.638347614900454","0.029541015625","0.044921875","0.01416015625","2584","0.00026002445806996507","36","0.00026002445806996507","0","0.00026002445806996507","0.00026002445806996507","150:0.001772337600597862;148:0.0015633963439731224","150:68;148:68","150:0.0011791346258687163;148:0.0014731263324953559","0.029541015625","Yes"
"150","132.00911106429817","47.12555589865374","0.022216796875","0.04150390625","0.0029296875","2584","0.00043451561747647014","36","0.00043451561747647014","0","0.00043451561747647014","0.00043451561747647014","149:0.001772337600597862;151:0.0037871600741048173","149:68;151:68","149:0.0011791346258687163;151:0.003640865760930978","0.022216796875","Yes"
"151","215.37995588608572","72.4974154530647","0.009521484375","0.01708984375","0.001953125","2584","0.0003983211245356993","36","0.0003983211245356993","0","0.0003983211245356993","0.0003983211245356993","138:0.003076874447487138;152:0.03245656077591055;150:0.0037871600741048173","138:68;152:68;150:68","138:0.0034608099055455643;152:0.025298189739575733;150:0.003640865760930978","0.009521484375","Yes"
"152","187.46872482368158","130.786310895926","0.02001953125","0.025390625","0.0146484375","2584","0.0002834946610810185","36","0.0002834946610810185","0","0.0002834946610810185","0.0002834946610810185","151:0.03245656077591055;153:0.002672912536509392","151:68;153:68","151:0.025298189739575733;153:0.0031094741353488164","0.02001953125","Yes"
"153","205.41296338282493","198.40575441364504","0.00439453125","0.0078125","0.0009765625","2584","0.00024956439893320773","36","0.00024956439893320773","0","0.00024956439893320773","0.00024956439893320773","152:0.002672912536509392;154:0.0020577262164673815","152:68;154:68","152:0.0031094741353488164;154:0.0023880892105167806","0.00439453125","Yes"
"154","287.7058930574061","21.012210207706374","0.00634765625","0.01171875","0.0009765625","2584","0.0006417487689615624","36","0.0006417487689615624","0","0.0006417487689615624","0.0006417487689615624","153:0.0020577262164673815;155:0.002931037829470323","153:68;155:68","153:0.0023880892105167806;155:0.00223939445072438","0.00634765625","Yes"
"155","352.84391249604215","146.2554238086977","0.008056640625","0.009765625","0.00634765625","2584","0.000255664446112162","36","0.000255664446112162","0","0.000255664446112162","0.000255664446112162","139:0.00197807553997148;154:0.002931037829470323","139:80;154:68","139:0.0024048592094748633;154:0.00223939445072438","0.008056640625","Yes"